Afghanistan	31.279	n/a	n/a	4.367	4.514	5.146	6.167	6.925	8.556	10.297	12.066	15.325	17.89	20.296	20.17	20.444	19.681	19.654
Albania	2.774	3.64	4.065	4.435	5.747	7.315	8.158	9.001	10.698	12.901	12.093	11.927	12.891	12.345	12.916	13.276	11.591	12.204
Algeria	39.5	54.749	54.745	56.761	67.864	85.327	103.198	117.027	134.977	171.001	137.054	161.207	199.394	209.005	209.703	213.518	175.077	181.71
Angola	24.383	9.13	8.936	12.497	14.189	19.641	28.234	41.789	60.449	84.178	75.492	82.471	104.116	115.342	124.174	129.326	102.011	98.815
Antigua and Barbuda	0.088	0.784	0.774	0.803	0.84	0.898	0.997	1.135	1.289	1.347	1.206	1.136	1.13	1.205	1.185	1.248	1.285	1.328
Argentina	42.643	340.74	322.235	116.695	152.807	181.894	220.907	262.814	329.275	403.744	376.826	461.652	558.681	607.596	622.054	543.061	578.705	578.692
Armenia	2.985	1.912	2.118	2.376	2.807	3.577	4.9	6.384	9.206	11.662	8.648	9.26	10.142	10.619	11.121	11.644	10.607	10.672
Australia	23.626	397.303	376.263	423.647	537.564	655.811	734.057	781.353	946.892	1036.17	981.617	1244.973	1499.947	1555.263	1497.218	1442.722	1240.803	1252.999
Austria	8.508	196.998	197.123	213.725	261.22	300.264	315.187	334.603	386.995	429.638	398.602	390.939	429.431	407.599	428.833	437.582	372.606	386.227
Azerbaijan	9.342	5.273	5.71	6.232	7.276	8.682	13.245	21.027	33.09	46.378	44.289	52.913	64.819	68.7	73.537	74.145	63.983	63.602
The Bahamas	0.36	6.328	6.517	6.958	6.949	7.094	7.706	7.966	8.319	8.247	7.82	7.91	7.89	8.234	8.432	8.511	8.884	9.199
Bahrain	1.268	9.061	9.187	9.591	11.072	13.147	15.965	18.501	21.725	25.705	22.933	25.708	29.038	30.75	32.891	33.862	30.914	32.335
Bangladesh	158.217	54.586	54.755	57.5	63.204	68.593	70.921	75.77	85.604	97.062	108.896	122.039	131.079	141.705	161.297	183.824	202.333	218.991
Barbados	0.279	3.122	3.117	3.17	3.275	3.514	3.897	4.303	4.546	4.595	4.602	4.446	4.358	4.313	4.281	4.354	4.451	4.537
Belarus	9.468	10.418	12.355	14.595	17.825	23.142	30.21	36.962	45.276	60.752	49.209	55.221	59.735	63.615	73.098	76.139	62.02	66.37
Belgium	11.204	238.032	237.601	259.304	319.182	370.947	387.618	411.059	472.964	522.556	487.065	485.307	528.617	499.024	524.943	534.23	458.651	473.524
Belize	0.357	0.832	0.872	0.933	0.99	1.058	1.114	1.217	1.291	1.37	1.339	1.398	1.489	1.574	1.624	1.699	1.763	1.841
Benin	10.592	2.366	2.502	2.817	3.565	4.056	4.366	4.709	5.514	6.665	6.602	6.57	7.304	7.547	8.31	8.685	7.701	8.302
Bhutan	0.766	0.436	0.455	0.504	0.575	0.67	0.762	0.858	1.02	1.291	1.214	1.433	1.747	1.844	1.934	1.983	2.209	2.465
Bolivia	11.292	8.385	8.155	7.917	8.092	8.785	9.573	11.52	13.216	16.792	17.464	19.786	24.135	27.282	30.883	33.237	33.537	35.231
Bosnia and Herzegovina	3.871	5.554	5.784	6.711	8.477	10.157	10.935	12.46	15.323	18.712	17.265	16.847	18.318	16.906	17.842	18.165	15.568	16.306
Botswana	2.104	5.804	5.516	5.456	7.538	8.969	10.027	10.165	10.942	11.028	10.317	12.794	15.725	14.807	15.097	15.217	13.091	13.011
Brazil	202.769	657.249	560.221	510.618	558.921	669.616	892.106	1107.789	1395.968	1694.616	1666.768	2209.266	2613.061	2412.024	2391.029	2346.583	1799.612	1672.898
Brunei Darussalam	0.413	6.662	6.218	6.487	7.279	8.739	10.581	12.736	13.576	16.031	11.893	13.707	18.527	19.047	18.092	17.104	11.636	11.853
Bulgaria	7.202	13.396	14.31	16.391	21.14	25.953	29.377	33.686	43.7	53.644	50.249	48.782	55.799	52.613	54.517	55.824	47.167	48.594
Burkina Faso	17.429	2.633	2.836	3.218	4.212	4.843	5.474	5.82	6.781	8.409	8.391	9.123	10.734	11.172	12.202	12.503	11.323	12.239
Burundi	9.201	0.87	0.877	0.825	0.785	0.915	1.117	1.273	1.356	1.612	1.775	2.032	2.371	2.51	2.723	3.094	2.97	3.247
Cabo Verde	0.518	0.589	0.616	0.679	0.891	1.023	1.09	1.237	1.514	1.789	1.712	1.664	1.865	1.752	1.838	1.858	1.641	1.747
Cambodia	15.313	3.667	3.992	4.289	4.665	5.334	6.287	7.268	8.63	10.342	10.391	11.232	12.818	14.057	15.362	16.551	17.714	19.198
Cameroon	22.544	9.272	9.638	10.888	13.63	15.784	16.617	17.97	20.461	23.432	23.442	23.667	26.612	26.487	29.576	31.777	28.524	30.79
Canada	35.492	739.481	732.762	752.562	887.868	1018.375	1164.253	1310.852	1457.873	1542.561	1370.839	1614.072	1788.741	1832.716	1838.964	1785.387	1572.781	1592.348
Central African Republic	4.701	0.885	0.897	0.963	1.11	1.257	1.337	1.461	1.698	1.985	1.982	1.986	2.196	2.171	1.538	1.726	1.624	1.84
Chad	11.284	1.572	1.936	2.257	3.102	5.003	6.658	7.429	8.651	10.401	9.278	10.678	12.168	12.375	12.951	13.945	11.688	12.82
Chile	17.819	77.982	71.285	70.103	76.098	99.269	123.058	154.721	173.078	179.565	172.107	217.283	250.651	265.134	276.659	258.017	240.041	240.309
China	1367.82	1205.263	1332.247	1461.92	1649.924	1941.748	2268.615	2729.75	3523.275	4558.901	5059.716	6039.547	7492.529	8461.511	9490.845	10356.508	11384.763	12253.975
Colombia	47.662	99.875	98.201	97.946	94.645	117.092	146.547	162.766	207.465	244.302	233.893	286.954	336.369	369.56	380.041	377.867	274.189	263.476
Comoros	0.776	0.202	0.22	0.252	0.325	0.363	0.388	0.404	0.466	0.533	0.537	0.544	0.611	0.596	0.658	0.697	0.589	0.625
Democratic Republic of the Congo	79.301	19.077	8.173	8.719	8.954	10.341	11.951	14.296	16.364	19.129	18.315	20.641	24.575	27.566	32.676	35.918	39.059	42.056
Republic of Congo	4.274	3.22	2.794	3.02	3.503	4.655	6.098	7.738	8.407	11.915	9.618	12.029	14.433	13.678	13.478	13.552	8.871	9.769
Costa Rica	4.775	15.947	16.404	16.844	17.518	18.595	19.965	22.526	26.322	29.838	29.383	36.298	41.237	45.301	49.237	49.553	51.618	54.977
Côte d'Ivoire	23.11	10.748	11.202	12.39	15.336	16.576	17.115	17.817	20.373	24.339	24.341	24.931	25.405	27.114	31.072	33.741	31.27	34.284
Croatia	4.236	21.773	23.265	26.9	34.734	41.619	45.379	50.448	60.125	70.453	62.662	59.611	62.172	56.484	57.75	57.073	48.932	50.04
Cyprus	0.891	9.932	10.327	11.347	14.45	17.172	18.547	20.213	23.83	27.622	25.66	25.294	27.114	24.954	24.065	23.263	19.383	19.894
Czech Republic	10.512	61.474	67.376	81.684	99.322	118.971	135.99	155.213	188.614	235.513	205.852	207.016	227.313	206.442	208.328	205.27	182.462	189.982
Denmark	5.617	164.188	164.82	178.648	218.139	251.24	264.581	282.972	319.5	352.589	319.765	319.812	341.498	322.277	335.878	342.362	291.043	300.906
Djibouti	0.939	0.556	0.577	0.596	0.628	0.666	0.709	0.769	0.848	0.984	1.049	1.129	1.239	1.354	1.455	1.589	1.743	1.93
Dominica	0.071	0.333	0.34	0.333	0.343	0.367	0.364	0.39	0.421	0.458	0.489	0.494	0.501	0.485	0.507	0.524	0.538	0.559
Dominican Republic	9.883	25.613	26.588	28.243	22.517	23.366	36.101	38.254	43.972	48.07	48.136	53.803	58.304	60.53	61.293	64.058	66.575	69.908
Ecuador	16.027	18.319	24.468	28.549	32.433	36.592	41.507	46.802	51.008	61.763	62.52	69.555	79.277	87.623	94.473	100.543	98.925	101.698
Egypt	86.7	99.624	97.266	85.843	80.994	78.799	89.519	107.375	130.346	162.435	188.608	218.763	235.598	262.256	271.427	286.435	n/a	n/a
El Salvador	6.352	13.134	13.813	14.307	15.047	15.798	17.094	18.551	20.105	21.431	20.661	21.418	23.139	23.814	24.351	25.164	25.652	26.592
Equatorial Guinea	0.778	1.243	1.736	2.147	2.952	5.241	8.217	9.145	10.777	16.022	10.219	12.709	17.23	18.011	17.136	15.53	10.025	10.211
Eritrea	6.537	0.706	0.752	0.729	0.87	1.109	1.098	1.211	1.318	1.38	1.857	2.117	2.608	3.092	3.444	3.858	4.256	4.809
Estonia	1.319	5.706	6.26	7.345	9.852	12.071	14.024	16.987	22.265	24.285	19.712	19.542	23.191	23.159	25.255	26.506	22.934	24.224
Ethiopia	88.347	8.235	8.223	7.851	8.623	10.142	12.408	15.283	19.701	26.839	32.464	29.917	31.958	43.134	47.532	54.809	63.022	70.171
Fiji	0.885	1.684	1.66	1.843	2.316	2.728	3.007	3.103	3.405	3.523	2.871	3.14	3.646	3.85	4.034	4.289	4.526	4.747
Finland	5.451	125.908	129.361	140.047	171.398	197.035	204.786	216.742	255.739	285.087	252.137	248.262	273.925	256.849	269.274	272.649	230.685	237.111
France	63.92	1372.452	1383.406	1505.649	1851.66	2126.995	2207.45	2327.052	2666.805	2937.321	2700.658	2651.772	2865.304	2682.901	2811.128	2833.687	2422.649	2488.378
Gabon	1.586	5.397	5.019	5.31	6.497	7.756	9.459	10.154	12.439	15.509	12.152	14.359	18.203	17.181	17.596	18.209	13.8	14.24
The Gambia	1.927	0.608	0.603	0.534	0.507	0.579	0.624	0.655	0.799	0.966	0.901	0.952	0.898	0.91	0.899	0.824	0.761	0.757
Georgia	3.73	3.042	3.205	3.395	3.991	5.126	6.411	7.745	10.173	12.795	10.767	11.638	14.435	15.847	16.141	16.536	13.753	14.27
Germany	81.1	1955.673	1952.325	2086.496	2510.528	2823.071	2866.308	3005.081	3444.723	3770.15	3426.672	3423.466	3761.142	3541.575	3746.488	3874.437	3371.003	3472.507
Ghana	26.216	7.362	7.435	9.482	11.186	14.557	17.409	20.41	24.758	28.528	25.978	32.174	39.565	41.939	47.806	38.616	37.679	42.295
Greece	10.993	132.651	136.123	153.255	201.933	239.974	248.095	273.519	319.127	356.296	330.693	300.156	289.068	249.663	242.306	237.97	192.98	192.515
Grenada	0.106	0.52	0.52	0.54	0.591	0.599	0.695	0.699	0.759	0.826	0.771	0.771	0.779	0.8	0.842	0.912	0.957	1.005
Guatemala	15.87	17.187	18.703	20.777	21.918	23.965	27.211	30.231	34.113	39.137	37.734	41.338	47.655	50.388	53.851	58.728	63.218	66.401
Guinea	12.039	2.995	2.829	2.95	3.446	3.666	2.937	2.903	4.157	4.517	4.635	4.929	5.124	5.632	6.16	6.707	6.733	7.067
Guinea-Bissau	1.738	0.371	0.393	0.417	0.477	0.532	0.588	0.592	0.697	0.868	0.828	0.848	1.107	0.996	1.027	1.111	1.035	1.116
Guyana	0.8	1.123	1.127	1.16	1.197	1.26	1.311	1.455	1.741	1.916	2.023	2.262	2.582	2.854	2.982	3.059	3.203	3.411
Haiti	10.461	3.954	3.596	3.472	2.96	3.538	4.31	4.756	5.885	6.55	6.584	6.62	7.516	7.89	8.451	8.711	8.797	8.924
Honduras	8.264	7.104	7.566	7.775	8.14	8.772	9.672	10.842	12.275	13.79	14.486	15.73	17.649	18.514	18.499	19.511	19.941	20.457
Hong Kong SAR	7.267	171.669	169.404	166.326	161.355	169.096	181.57	193.534	211.599	219.28	214.046	228.637	248.514	262.629	275.743	290.896	307.79	322.166
Hungary	9.877	47.11	53.533	67.366	84.738	103.157	111.89	114.238	138.58	156.579	129.36	129.585	139.447	126.825	133.424	136.989	118.49	124.012
Iceland	0.326	8.925	8.125	9.162	11.297	13.71	16.749	17.041	21.294	17.531	12.855	13.237	14.665	14.195	15.377	17.036	16.738	17.775
India	1275.921	476.636	493.934	523.768	618.369	721.589	834.218	949.118	1238.7	1224.096	1365.373	1708.46	1843.018	1835.821	1875.157	2051.228	2182.577	2384.726
Indonesia	252.165	179.482	174.507	212.807	255.428	279.556	310.815	396.293	470.144	558.582	577.539	755.256	892.59	919.002	912.502	888.648	872.615	875.75
Islamic Republic of Iran	77.8	357.875	420.688	128.627	151.911	181.485	218.335	257.773	337.326	391.165	396.738	463.971	564.459	583.164	380.348	416.49	396.915	416.22
Iraq	34.278	n/a	n/a	n/a	n/a	36.642	50.065	65.144	88.833	131.614	111.66	138.517	185.75	218.032	232.497	223.508	165.057	176.417
Ireland	4.61	99.854	109.095	128.002	164.563	193.973	211.403	231.993	269.701	274.724	235.373	220.063	241.8	224.652	238.26	250.814	227.498	240.454
Israel	8.212	132.396	130.753	121.092	126.749	135.419	142.838	154.511	179.565	216.759	208.067	234.323	261.762	259.612	292.412	305.673	298.866	312.434
Italy	60.783	1145.564	1163.784	1271.528	1573.335	1801.568	1856.684	1945.234	2207.143	2403.213	2191.781	2130.586	2280.315	2076.37	2137.615	2147.744	1819.047	1867.572
Jamaica	2.799	9.065	9.195	9.719	9.43	10.173	11.228	11.946	12.881	13.743	12.105	13.191	14.397	14.745	14.189	13.709	13.823	14.128
Japan	127.061	4730.987	4161.034	3980.897	4304.602	4656.405	4572.414	4356.845	4356.347	4849.185	5035.141	5498.719	5908.988	5957.249	4919.589	4602.367	4116.242	4170.643
Jordan	6.675	8.461	8.975	9.582	10.196	11.411	12.589	15.057	17.111	21.963	23.82	26.425	28.84	30.981	33.641	35.878	38.21	40.891
Kazakhstan	17.422	18.292	22.153	24.637	30.834	43.152	57.125	81.003	104.85	133.442	115.309	148.047	188.049	203.517	231.876	216.036	195.005	173.199
Kenya	42.927	14.136	14.531	14.764	16.796	18.064	21.001	25.826	31.958	35.895	37.022	40	41.953	50.41	54.931	60.937	63.121	68.866
Kiribati	0.112	0.07	0.065	0.074	0.094	0.102	0.112	0.109	0.131	0.14	0.132	0.156	0.18	0.188	0.181	0.181	0.164	0.166
Korea	50.424	561.595	533.188	609.017	680.581	764.892	898.137	1012.044	1122.679	1002.219	901.935	1094.499	1202.464	1222.807	1305.605	1410.383	1392.952	1450.05
Kosovo		2.234	2.535	2.703	3.355	3.62	3.741	3.918	4.743	5.714	5.668	5.841	6.699	6.503	7.075	7.319	6.309	6.604
Kuwait	3.999	37.721	34.886	38.135	47.844	59.439	80.807	101.559	114.677	147.402	105.992	115.401	154.016	174.063	175.839	172.608	123.228	128.538
Kyrgyz Republic	5.895	1.368	1.526	1.638	1.919	2.215	2.46	2.837	3.807	5.133	4.683	4.806	6.198	6.605	7.333	7.402	7.158	7.659
Lao P.D.R.	6.898	1.572	1.565	1.656	2.033	2.374	2.717	3.548	4.217	5.292	5.582	6.842	8.062	9.4	10.788	11.681	12.548	13.444
Latvia	2.033	7.864	8.32	9.532	11.751	14.454	16.958	21.436	30.87	35.834	26.331	24.112	28.488	28.343	30.838	31.972	27.822	29.288
Lebanon	4.51	17.248	17.595	19.091	19.749	20.957	21.286	21.797	24.577	28.833	35.14	38.01	40.076	44.1	47.598	50.028	54.395	57.028
Lesotho	1.911	0.798	0.731	0.666	0.99	1.262	1.407	1.487	1.676	1.661	1.735	2.25	2.538	2.41	2.277	2.22	2.035	2.096
Liberia	4.187	0.588	0.614	0.639	0.511	0.585	0.675	0.757	0.942	1.084	1.142	1.292	1.54	1.746	1.962	2.013	2.015	2.109
Libya	6.168	38.271	34.112	20.471	26.186	32.996	47.335	54.976	67.69	87.236	63.069	74.804	34.707	81.915	65.516	41.148	29.721	32.38
Lithuania	2.932	11.519	12.239	14.26	18.728	22.692	26.182	30.235	39.788	48.301	37.533	37.166	43.525	42.843	46.418	48.288	41.776	44.614
Luxembourg	0.55	21.438	21.07	23.391	29.263	34.391	37.041	41.95	50.393	55.406	50.514	52.446	58.754	56.001	61.514	65.683	57.929	61.257
FYR Macedonia	2.069	3.774	3.709	3.991	4.946	5.684	6.257	6.86	8.337	9.912	9.4	9.415	10.659	9.751	10.774	11.342	10.088	10.564
Madagascar	23.572	3.878	4.53	4.397	5.474	4.364	5.039	5.516	7.343	9.413	8.55	8.73	9.893	9.92	10.602	10.674	9.514	9.17
Malawi	17.604	3.023	2.967	3.496	3.211	3.476	3.656	3.998	4.431	5.321	6.195	6.957	7.984	5.981	5.432	6.055	6.388	6.149
Malaysia	30.6	100.719	99.639	108.296	118.344	133.966	148.245	168.084	199.96	238.645	208.914	255.024	297.961	314.443	323.342	338.108	313.479	350.992
Maldives	0.342	0.801	0.846	0.911	1.043	1.202	1.12	1.475	1.746	2.118	2.166	2.332	2.332	2.534	2.699	2.885	3.031	3.228
Mali	15.791	2.663	3.02	3.2	4.23	4.989	5.496	6.128	7.156	8.779	8.988	9.44	10.686	10.442	11.115	12.094	10.954	11.882
Malta	0.425	4.059	4.067	4.475	5.423	6.049	6.402	6.786	7.944	9.02	8.55	8.757	9.604	9.26	9.972	10.514	9.19	9.721
Marshall Islands	0.054	0.111	0.115	0.125	0.127	0.131	0.138	0.144	0.15	0.153	0.152	0.164	0.173	0.184	0.191	0.193	0.195	0.201
Mauritania	3.621	1.294	1.296	1.324	1.563	1.831	2.184	3.11	3.343	3.978	3.671	4.344	5.136	4.84	5.163	5.081	4.677	4.794
Mauritius	1.259	4.663	4.614	4.942	6.092	6.389	6.251	6.258	8.401	8.547	9.639	9.795	11.035	11.218	11.928	12.588	11.567	12.145
Mexico	119.715	683.65	724.691	741.563	713.283	770.27	866.346	966.867	1043.472	1101.274	894.95	1051.128	1171.185	1186.602	1261.856	1291.062	1161.483	1187.053
Micronesia	0.104	0.233	0.24	0.241	0.245	0.239	0.25	0.253	0.256	0.261	0.277	0.294	0.309	0.326	0.315	0.308	0.307	0.312
Moldova	3.558	1.315	1.481	1.662	1.981	2.598	2.988	3.408	4.401	6.055	5.438	5.813	7.018	7.283	7.985	7.962	6.188	6.498
Mongolia	2.925	1.329	1.485	1.634	1.864	2.317	2.93	4.084	5.37	8.084	5.976	7.185	10.41	12.293	12.582	12.037	12.409	12.96
Montenegro	0.624	0.985	1.16	1.285	1.708	2.076	2.261	2.698	3.674	4.541	4.152	4.118	4.5	4.048	4.419	4.551	3.985	4.25
Morocco	33.179	38.859	39.46	42.238	52.064	59.626	62.343	68.641	79.041	92.507	92.897	93.217	101.371	98.266	107.235	110.009	103.075	109.912
Mozambique	26.491	4.667	4.567	4.977	5.549	6.749	7.595	8.304	9.291	11.084	11.052	10.468	13.245	14.867	15.622	16.684	16.985	19.043
Myanmar	51.419	10.277	7.475	7.821	12.079	12.195	13.833	16.736	23.291	34.55	38.065	49.628	56.002	55.609	56.699	63.135	65.775	71.275
Namibia	2.203	3.911	3.55	3.369	4.932	6.617	7.258	7.978	8.741	8.486	8.876	11.283	12.426	13.002	12.938	13.632	12.855	13.703
Nepal	28.109	5.731	5.891	5.976	6.328	7.274	8.18	9.044	10.325	12.545	12.855	16.002	19.011	18.852	19.27	19.761	21.356	24.067
Netherlands	16.864	414.018	426.94	467.016	572.958	651.416	679.695	727.287	840.583	940.665	860.108	837.949	894.576	829.406	864.439	880.716	750.782	782.934
New Zealand	4.555	54.077	53.083	62.052	82.541	101.657	113.562	109.67	134.422	134.198	120.598	144.165	164.926	173.196	184.761	197.502	170.59	165.476
Nicaragua	6.198	5.109	5.335	5.224	5.322	5.793	6.321	6.786	7.458	8.491	8.379	8.741	9.756	10.46	10.851	11.806	12.321	13.089
Niger	17.116	1.671	1.815	2.073	2.645	2.901	3.375	3.65	4.29	5.429	5.411	5.729	6.418	7.011	7.497	8.024	7.119	7.652
Nigeria	173.938	61.309	59.629	81.593	95.358	126.383	164.774	217.736	257.471	325.443	270.471	373.839	418.834	467.119	521.812	573.999	492.986	484.895
Norway	5.156	171.333	174.017	195.423	227.62	264.199	308.679	345.393	400.886	461.946	386.382	428.527	498.157	509.705	522.349	499.817	397.59	394.776
Oman	3.717	18.91	18.815	19.459	20.896	23.932	30.171	36.142	40.765	59.251	46.714	56.827	67.706	75.433	77.001	77.779	60.179	60.632
Pakistan	186.19	73.987	72.928	72.145	83.048	97.967	110.1	137.266	152.46	171.195	169.745	177.622	213.626	225.06	231.617	246.849	270.961	n/a
Palau	0.018	0.149	0.16	0.163	0.16	0.175	0.194	0.195	0.196	0.197	0.186	0.184	0.201	0.216	0.228	0.249	0.261	0.273
Panama	3.928	11.621	11.808	12.272	12.933	14.179	15.465	17.137	19.794	23.002	24.163	27.053	31.32	35.938	40.389	43.777	47.473	51.525
Papua New Guinea	7.53	3.499	3.068	3.048	3.716	4.177	4.866	5.528	6.341	8	8.105	9.716	12.873	15.391	15.413	16.809	17.995	18.191
Paraguay	6.901	8.196	7.663	6.325	6.588	8.003	8.74	10.646	13.795	18.503	15.934	20.674	23.343	24.937	28.334	30.22	29.065	30.094
Peru	31.424	51.005	51.613	54.451	59.045	66.71	74.97	87.887	102.187	121.61	121.229	148.562	170.595	192.733	201.879	202.642	179.911	180.375
Philippines	99.434	81.023	76.262	81.358	83.908	91.371	103.074	122.211	149.36	173.603	168.485	199.591	224.143	250.092	271.928	284.618	299.314	330.232
Poland	38.018	171.276	190.43	198.679	217.514	253.709	304.43	343.252	429.152	530.023	436.809	476.524	524.105	496.693	526.239	547.894	481.235	508.857
Portugal	10.394	118.706	121.65	134.704	165.28	189.444	197.642	208.75	240.502	263.249	244.364	238.748	245.119	216.488	224.983	229.948	197.51	204.186
Qatar	2.235	17.76	17.538	19.364	23.534	31.734	44.53	60.882	79.712	115.27	97.798	125.122	169.805	190.29	201.885	210.109	192.077	192.214
Romania	19.947	37.467	40.717	46.17	59.868	76.217	100.324	123.534	171.679	209.664	168.036	167.986	186.113	172.041	191.598	199.093	174.922	183.37
Russia	146.3	259.702	306.583	345.126	430.29	591.176	763.703	989.932	1299.703	1660.846	1222.646	1524.917	1904.791	2016.11	2079.022	1860.598	1235.858	1178.924
Rwanda	11.096	1.718	1.675	1.669	1.835	2.091	2.584	3.111	3.776	4.799	5.309	5.698	6.406	7.223	7.522	7.897	8.468	9.228
Samoa	0.192	0.257	0.269	0.297	0.364	0.429	0.49	0.513	0.585	0.641	0.608	0.653	0.762	0.806	0.794	0.827	0.867	0.9
San Marino	0.031	n/a	n/a	n/a	n/a	1.88	1.962	2.095	2.491	2.765	2.369	2.143	2.056	1.802	1.802	1.786	1.543	1.578
São Tomé and Príncipe	0.198	0.058	0.051	0.055	0.098	0.108	0.13	0.14	0.148	0.194	0.2	0.209	0.254	0.26	0.303	0.338	0.326	0.356
Saudi Arabia	30.77	189.515	184.138	189.606	215.808	258.742	328.206	376.398	415.687	519.797	429.098	526.811	669.507	733.956	744.336	746.248	632.073	643.234
Senegal	14.54	4.693	4.882	5.352	6.872	8.042	8.722	9.367	11.301	13.449	12.846	12.937	14.388	14.236	14.956	15.683	13.988	15.197
Serbia	7.164	9.312	12.313	16.177	21.219	24.743	26.075	30.721	40.499	49.165	42.611	39.035	46.488	40.734	45.52	43.866	36.555	37.74
Seychelles	0.094	0.615	0.622	0.698	0.706	0.839	0.919	1.016	1.034	0.967	0.847	0.97	1.066	1.134	1.411	1.423	1.375	1.471
Sierra Leone	6.232	0.941	1.084	1.25	1.38	1.439	1.649	1.884	2.159	2.511	2.454	2.578	2.932	3.789	4.914	4.815	4.266	4.563
Singapore	5.47	95.837	89.288	91.942	97.003	114.184	127.42	147.795	179.981	192.231	192.406	236.42	275.37	289.941	302.246	307.872	293.959	308.716
Slovak Republic	5.417	20.687	21.384	24.898	34.081	43.188	49.031	57.283	76.86	96.554	88.859	89.18	97.62	92.844	97.743	99.869	86.198	90.544
Slovenia	2.061	20.446	20.9	23.603	29.738	34.504	36.401	39.621	48.167	55.853	50.372	48.103	51.338	46.266	47.691	49.57	42.736	44.015
Solomon Islands	0.575	0.381	0.38	0.324	0.314	0.363	0.429	0.471	0.516	0.608	0.598	0.672	0.887	1.025	1.06	1.155	1.205	1.289
South Africa	54.002	136.453	121.602	115.748	175.254	228.931	257.667	271.812	299.033	287.095	297.221	375.304	417.057	397.391	366.236	350.082	317.285	326.541
South Sudan	11.384	n/a	n/a	n/a	n/a	n/a	n/a	n/a	n/a	n/a	n/a	n/a	17.195	11.267	15.34	14.304	12.882	13.825
Spain	46.464	597.149	626.514	707.642	908.588	1071.007	1159.257	1265.661	1481.393	1642.738	1502.876	1434.257	1495.968	1356.483	1393.476	1406.538	1221.387	1265.122
Sri Lanka	20.964	16.926	16.261	17.113	18.892	20.67	24.418	28.274	32.367	40.72	42.04	49.552	59.157	59.378	67.451	74.924	79.524	86.302
St. Kitts and Nevis	0.06	0.42	0.46	0.48	0.463	0.501	0.543	0.636	0.684	0.735	0.709	0.692	0.728	0.732	0.787	0.852	0.889	0.93
St. Lucia	0.17	0.784	0.742	0.746	0.81	0.891	0.947	1.075	1.173	1.194	1.187	1.249	1.29	1.311	1.334	1.404	1.438	1.498
St. Vincent and the Grenadines	0.11	0.396	0.43	0.462	0.482	0.522	0.551	0.611	0.651	0.695	0.675	0.681	0.676	0.693	0.721	0.729	0.765	0.794
Sudan	37.289	12.257	13.182	14.803	17.645	21.457	26.524	35.82	45.897	54.526	53.145	65.622	67.22	62.647	66.598	74.766	84.331	85.222
Suriname	0.553	1.266	1.09	1.376	1.615	1.868	2.235	2.626	2.936	3.533	3.876	4.368	4.422	4.98	5.131	5.21	5.05	5.187
Swaziland	1.106	1.729	1.543	1.423	2.19	2.838	3.178	3.234	3.393	3.266	3.594	4.54	4.969	4.913	4.565	4.416	4.305	4.357
Sweden	9.747	259.839	239.957	263.94	331.109	381.743	389.043	420.017	487.818	513.966	429.656	488.378	563.11	543.881	579.526	570.591	483.724	499.179
Switzerland	8.14	271.861	278.823	301.337	352.375	393.116	407.611	429.432	477.797	552.4	541.042	580.764	696.544	665.225	685.168	703.852	676.979	687.591
Syria	n/a	19.861	20.979	22.758	21.702	25.204	28.881	33.824	40.488	52.631	53.939	60.043	n/a	n/a	n/a	n/a	n/a	n/a
Taiwan Province of China	23.434	331.407	300.223	308.883	318.364	348.407	375.787	388.547	408.221	417.038	392.106	446.141	485.671	495.919	511.279	529.597	518.816	540.073
Tajikistan	8.302	0.991	1.057	1.212	1.555	2.073	2.311	2.811	3.712	5.135	4.977	5.642	6.523	7.592	8.506	9.242	8.045	7.97
Tanzania	46.744	12.423	12.743	13.216	14.178	15.547	16.93	18.61	21.502	27.368	28.574	31.086	33.583	39.088	44.414	48.089	46.192	46.873
Thailand	68.657	126.392	120.297	134.301	152.281	172.895	189.318	221.759	262.943	291.383	281.575	340.924	370.608	397.472	420.167	404.824	373.536	393.019
Timor-Leste	1.231	0.447	0.496	0.486	0.506	1.106	1.85	2.684	2.905	4.433	3.318	4.069	5.788	6.807	5.596	4.97	4.231	3.939
Togo	6.998	1.299	1.334	1.481	1.677	1.94	2.117	2.221	2.527	3.174	3.171	3.179	3.759	3.918	4.352	4.594	4.152	4.499
Tonga	0.102	0.191	0.182	0.193	0.215	0.243	0.275	0.293	0.321	0.33	0.338	0.39	0.439	0.453	0.443	0.438	0.443	0.473
Trinidad and Tobago	1.351	8.154	8.825	9.008	11.305	13.28	15.982	18.369	21.642	27.87	19.175	21.038	24.41	24.581	27.257	28.874	27.668	28.321
Tunisia	10.998	21.473	22.066	23.142	27.454	31.184	32.272	34.377	38.91	44.855	43.614	44.054	45.951	45.239	46.995	48.633	44.272	44.584
Turkey	76.903	266.671	196.057	232.45	303.123	392.233	482.737	529.278	646.425	730.628	614.389	731.539	774.729	788.605	823.025	798.332	722.219	721.167
Turkmenistan	5.796	5.022	6.933	8.7	11.424	14.196	17.174	21.393	25.962	21.516	20.214	22.148	29.233	35.164	41.013	47.932	44.362	51.271
Tuvalu	0.011	0.014	0.013	0.016	0.018	0.022	0.022	0.023	0.027	0.031	0.028	0.032	0.039	0.04	0.038	0.038	0.034	0.035
Uganda	38.728	6.852	6.922	7.443	7.708	9.497	11.007	12.325	15.2	18.188	18.579	20.212	21.108	24.62	25.573	27.616	24.943	26.631
Ukraine	42.831	32.331	39.309	43.956	52.01	67.226	89.282	111.885	148.734	188.24	121.552	136.011	163.161	175.707	179.572	130.66	90.138	93.812
United Arab Emirates	9.302	103.893	103.312	109.816	124.346	147.824	180.617	222.117	257.916	315.475	253.547	286.049	347.454	373.43	387.192	399.451	339.085	356.219
United Kingdom	64.511	1548.752	1529.324	1674.459	1944.081	2298.314	2412.348	2582.974	2963.43	2785.922	2310.674	2407.351	2593.452	2623.825	2678.384	2950.039	2864.903	3054.84
United States	319.075	10284.75	10621.825	10977.525	11510.675	12274.925	13093.7	13855.9	14477.625	14718.575	14418.725	14964.4	15517.925	16155.25	16663.15	17348.075	17968.195	18697.922
Uruguay	3.404	22.832	20.907	13.632	12.067	13.708	17.398	19.62	23.461	30.366	31.661	40.285	47.962	51.385	57.525	57.471	54.968	57.151
Uzbekistan	30.604	13.717	11.632	9.657	10.129	12.001	14.31	17.027	22.307	28.605	33.461	38.963	45.421	51.185	57.17	62.613	65.953	68.699
Vanuatu	0.263	0.272	0.258	0.263	0.314	0.365	0.395	0.439	0.526	0.608	0.61	0.701	0.792	0.782	0.802	0.822	0.771	0.832
Venezuela	30.457	117.676	123.156	95.572	83.67	112.189	143.326	177.722	221.274	291.559	235.057	271.961	297.637	298.38	218.433	206.252	131.855	133.534
Vietnam	90.63	31.176	32.524	35.097	39.563	49.52	57.648	66.393	77.52	98.269	101.634	112.771	134.598	155.565	170.565	185.897	198.805	214.75
Yemen	27.46	9.679	9.853	10.693	11.778	13.868	16.732	19.063	21.651	26.911	25.13	30.907	32.726	35.401	40.415	43.229	34.929	41.884
Zambia	15.021	3.601	4.094	4.194	4.902	6.221	8.332	12.757	14.057	17.911	15.328	20.265	23.732	24.94	26.831	26.611	24.466	25.158
Zimbabwe	13.261	9.891	9.745	9.288	8.189	8.135	7.753	7.176	6.939	5.944	8.157	9.445	10.956	12.472	13.49	13.833	13.905	14.292
